<?xml version="1.0" encoding="UTF-8"?>
<project-private xmlns="http://www.netbeans.org/ns/project-private/1">
    <editor-bookmarks xmlns="http://www.netbeans.org/ns/editor-bookmarks/2" lastBookmarkId="0"/>
    <open-files xmlns="http://www.netbeans.org/ns/projectui-open-files/2">
        <group>
            <file>file:/C:/Users/nurul/OneDrive/Documents/NetBeansProjects/rentalmobil_app/src/menu/rental/Login.java</file>
            <file>file:/C:/Users/nurul/OneDrive/Documents/NetBeansProjects/rentalmobil_app/src/menu/rental/Menu_Owner.java</file>
            <file>file:/C:/Users/nurul/OneDrive/Documents/NetBeansProjects/rentalmobil_app/src/koneksi/program/Peminjam.java</file>
            <file>file:/C:/Users/nurul/OneDrive/Documents/NetBeansProjects/rentalmobil_app/src/koneksi/program/Staff.java</file>
            <file>file:/C:/Users/nurul/OneDrive/Documents/NetBeansProjects/rentalmobil_app/src/koneksi/program/Mobil.java</file>
            <file>file:/C:/Users/nurul/OneDrive/Documents/NetBeansProjects/rentalmobil_app/src/koneksi/program/User.java</file>
            <file>file:/C:/Users/nurul/OneDrive/Documents/NetBeansProjects/rentalmobil_app/src/koneksi/program/Database.java</file>
            <file>file:/C:/Users/nurul/OneDrive/Documents/NetBeansProjects/rentalmobil_app/src/koneksi/program/Transaksi.java</file>
            <file>file:/C:/Users/nurul/OneDrive/Documents/NetBeansProjects/rentalmobil_app/src/menu/rental/Menu_Staff.java</file>
            <file>file:/C:/Users/nurul/OneDrive/Documents/NetBeansProjects/rentalmobil_app/src/koneksi/program/Owner.java</file>
        </group>
    </open-files>
</project-private>
